{"music_volume": 0.11314453184604645, "game_volume": 0.9727148413658142}